{
    "mean_squared_error": 1784151.7430647903,
    "root_mean_squared_error": 1335.72143168581,
    "mean_absolute_error": 666.999916706068,
    "median_absolute_error": 298.72818865405986,
    "r2_score": 0.7468668564564346,
    "mean_absolute_percentage_error": 0.2481469233378984,
    "explained_variance_score": 0.7475378579137633,
    "max_error": 15088.85813598969
}